{"cameraMode":{"drawMode":0,"name":"Shaded","section":"Shading Mode"},"sceneLighting":true,"audioPlay":false,"sceneViewState":{"m_AlwaysRefresh":false,"showFog":false,"showSkybox":false,"showFlares":false,"showImageEffects":false,"showParticleSystems":false,"showVisualEffectGraphs":true,"m_FxEnabled":true},"in2DMode":false,"pivot":{"x":-52.959266662597659,"y":13.769665718078614,"z":-43.95719528198242},"rotation":{"x":0.014859241433441639,"y":0.9000579714775086,"z":0.030784938484430314,"w":-0.4344438314437866},"size":46.37722396850586,"orthographic":false}